Bus Code,Assumed bus voltage (pu),Angle,Generation (MW),Generation (MVAr),Load (MW),Load (MVAr)
1,1.06,0,-,-,0,0
2,1,-0.05802913144535791,40,-,20,10
3,1,-0.10715935223736155,0,0,45,15
4,1,-0.11354618258659717,0,0,40,5
5,1,-0.1303315495575311,0,0,60,10